{
    "member": [
        {
            "speed": 3.0,
            "rotSpeed": 30.0,
            "isClockwise": true,
            "sAngle": 30.0,
            "sRadius": 2.0,
            "path": [
                {
                    "x": -8.5,
                    "y": -6.5
                }
            ]
        },
        {
            "speed": 3.0,
            "rotSpeed": 30.0,
            "isClockwise": true,
            "sAngle": 30.0,
            "sRadius": 2.0,
            "path": [
                {
                    "x": -8.5,
                    "y": -2.5
                }
            ]
        },
        {
            "speed": 3.0,
            "rotSpeed": 30.0,
            "isClockwise": true,
            "sAngle": 30.0,
            "sRadius": 2.0,
            "path": [
                {
                    "x": -4.5,
                    "y": 1.5
                }
            ]
        },
        {
            "speed": 3.0,
            "rotSpeed": 200.0,
            "isClockwise": true,
            "sAngle": 30.0,
            "sRadius": 2.0,
            "path": [
                {
                    "x": -5.5,
                    "y": 5.5
                },
                {
                    "x": -0.5,
                    "y": 5.5
                }
            ]
        },
        {
            "speed": 3.0,
            "rotSpeed": 200.0,
            "isClockwise": true,
            "sAngle": 30.0,
            "sRadius": 2.0,
            "path": [
                {
                    "x": -2.5,
                    "y": 0.5
                },
                {
                    "x": -2.5,
                    "y": -6.5
                }
            ]
        },
        {
            "speed": 3.0,
            "rotSpeed": 200.0,
            "isClockwise": true,
            "sAngle": 30.0,
            "sRadius": 2.0,
            "path": [
                {
                    "x": -1.5,
                    "y": -6.5
                },
                {
                    "x": -1.5,
                    "y": 0.5
                }
            ]
        },
        {
            "speed": 3.0,
            "rotSpeed": 200.0,
            "isClockwise": true,
            "sAngle": 30.0,
            "sRadius": 2.0,
            "path": [
                {
                    "x": 3.5,
                    "y": -6.5
                },
                {
                    "x": 3.5,
                    "y": 6.5
                }
            ]
        },
        {
            "speed": 3.0,
            "rotSpeed": 30.0,
            "isClockwise": true,
            "sAngle": 30.0,
            "sRadius": 2.0,
            "path": [
                {
                    "x": 5.5,
                    "y": -6.5
                }
            ]
        },
        {
            "speed": 3.0,
            "rotSpeed": 30.0,
            "isClockwise": true,
            "sAngle": 30.0,
            "sRadius": 2.0,
            "path": [
                {
                    "x": 1.5,
                    "y": 2.5
                }
            ]
        },
        {
            "speed": 3.0,
            "rotSpeed": 200.0,
            "isClockwise": true,
            "sAngle": 30.0,
            "sRadius": 2.0,
            "path": [
                {
                    "x": 3.5,
                    "y": 6.5
                },
                {
                    "x": 3.5,
                    "y": -6.5
                }
            ]
        },
        {
            "speed": 3.0,
            "rotSpeed": 30.0,
            "isClockwise": true,
            "sAngle": 30.0,
            "sRadius": 2.0,
            "path": [
                {
                    "x": 5.5,
                    "y": 6.5
                }
            ]
        }
    ]
}